{"inputUnits":[34],"outputUnits":2,"inputs":{"0":{"dtype":"number","min":845.9289967200444,"max":1107.1387527793006},"1":{"dtype":"number","min":260.0728400455348,"max":274.0288140666879},"2":{"dtype":"number","min":863.563278822871,"max":1123.8225063152945},"3":{"dtype":"number","min":250.10841295268335,"max":265.5574115953947},"4":{"dtype":"number","min":836.9773247553359,"max":1092.321591739766},"5":{"dtype":"number","min":245.87045472500154,"max":261.96885493763705},"6":{"dtype":"number","min":887.5597751907437,"max":1148.9250388340643},"7":{"dtype":"number","min":266.3265081037555,"max":283.42777363738116},"8":{"dtype":"number","min":809.4289143880208,"max":1063.6363342166178},"9":{"dtype":"number","min":274.31542647512333,"max":289.87011052479284},"10":{"dtype":"number","min":921.3366080538804,"max":1170.8789502714576},"11":{"dtype":"number","min":335.2852090757492,"max":362.52604731807},"12":{"dtype":"number","min":786.7473722759046,"max":1039.6606482492784},"13":{"dtype":"number","min":348.01199691802196,"max":376.34089717158565},"14":{"dtype":"number","min":1011.8148904841313,"max":1195.6756340458146},"15":{"dtype":"number","min":220.02357170595758,"max":291.8700172468932},"16":{"dtype":"number","min":729.1431116174768,"max":940.9641591568438},"17":{"dtype":"number","min":240.3019300910696,"max":318.8730625799525},"18":{"dtype":"number","min":930.4763669019553,"max":1148.7771422031096},"19":{"dtype":"number","min":130.33314725344172,"max":194.67665346974746},"20":{"dtype":"number","min":730.6881172522234,"max":930.0194824694657},"21":{"dtype":"number","min":142.21708004005234,"max":216.69161374573582},"22":{"dtype":"number","min":908.0653616327058,"max":1165.9418771606206},"23":{"dtype":"number","min":601.67477732281,"max":656.7017660457024},"24":{"dtype":"number","min":801.9539881775021,"max":1068.52436742355},"25":{"dtype":"number","min":597.0995153832389,"max":727.9194584599247},"26":{"dtype":"number","min":865.3082299186007,"max":1157.2166153608473},"27":{"dtype":"number","min":786.6567582693713,"max":887.480036268922},"28":{"dtype":"number","min":814.5517235471491,"max":1146.2024615847342},"29":{"dtype":"number","min":767.169204325239,"max":877.5251797161138},"30":{"dtype":"number","min":836.2290707712749,"max":1148.5652121977034},"31":{"dtype":"number","min":911.5611424734252,"max":997.7877175180536},"32":{"dtype":"number","min":798.0244426095229,"max":1150.3318099529422},"33":{"dtype":"number","min":909.5261155513294,"max":995.8131036888553}},"outputs":{"0":{"dtype":"string","min":0,"max":1,"uniqueValues":["y","v"],"legend":{"y":[1,0],"v":[0,1]}}},"isNormalized":true}